Penalty,No of literals,Subset,Size,Counts,IDR,Size (%),Count (%),P value
0.8,8,waist hip r c phase1[0.87 - 9.02] AND occupation phase1[0 OR 4] AND triglycerides phase1[0.63 - 11.81] AND egfr c phase1[13.94 - 102.42] AND bmi c phase1[20.49 - 62.8] AND age phase1[48.0 - 67.0] AND sex[0],153,172,2.268,7.89,17.9,4.492933950234869e-23
1.0,4,bmi c phase1[18.95 - 62.8] AND age phase1[50.0 - 67.0] AND waist hip r c phase1[0.87 - 9.02] AND sex[0],237,232,1.975,12.22,24.14,1.3452072114295764e-20
2.0,3,age phase1[50.0 - 67.0] AND waist hip r c phase1[0.87 - 9.02] AND sex[0],245,235,1.935,12.64,24.45,1.1561499945333808e-19
6.0,2,sex[0] AND age phase1[54.0 - 67.0],188,179,1.921,9.7,18.63,1.056474732452252e-15
7.5,1,age phase1[54.0 - 67.0],370,285,1.554,19.08,29.66,6.260394974739316e-11
